comparison,pair_key,input,seed,first_client_latency_seconds,second_client_latency_seconds,first_inference_latency_ms,second_inference_latency_ms,client_relative_percent,server_relative_percent,second_faster
baseline_sdaa_to_round5_final,00:000,你好，这是用于太初 SDAA 卡性能测试的第一条固定语音。,20260726,4.123511778190732,2.7190965111367404,4116.753,2709.622,-34.058718456485295,-34.18060301407444,True
baseline_sdaa_to_round5_final,00:001,今天的天气很好，我们正在验证语音合成服务的延迟和音频质量。,20260727,4.132822975981981,2.324223639909178,4127.666,2314.583,-43.761838979882015,-43.92513832272281,True
baseline_sdaa_to_round5_final,00:002,请保持自然、清晰、稳定的语速，完整读出这段性能测试文本。,20260728,4.336667099967599,2.420824347063899,4332.097,2412.46,-44.17776851993121,-44.31195792707319,True
baseline_sdaa_to_round5_final,00:003,CosyVoice API 正在国产加速卡上运行，本次测试会记录实时率和吞吐量。,20260729,4.205121961887926,2.5249698203988373,4200.587,2512.242,-39.95489683097728,-40.19307301574756,True
baseline_sdaa_to_round5_final,00:004,性能优化必须同时保证结果正确，不能用缩短音频或降低质量换取速度。,20260730,5.420516377314925,3.704415536019951,5410.034,3695.801,-31.659360877072963,-31.686177942689454,True
baseline_sdaa_to_round5_final,00:005,你好，这是用于太初 SDAA 卡性能测试的第一条固定语音。,20260731,4.404566567856818,2.4711328288540244,4397.761,2464.203,-43.89611802242707,-43.96687314294706,True
baseline_sdaa_to_round5_final,00:006,今天的天气很好，我们正在验证语音合成服务的延迟和音频质量。,20260732,4.1472682557068765,2.347042370121926,4142.255,2332.63,-43.40751006660197,-43.68695312094499,True
baseline_sdaa_to_round5_final,00:007,请保持自然、清晰、稳定的语速，完整读出这段性能测试文本。,20260733,4.3748244238086045,2.4309156737290323,4365.63,2422.774,-44.43398321314247,-44.5034508192403,True
baseline_sdaa_to_round5_final,00:008,CosyVoice API 正在国产加速卡上运行，本次测试会记录实时率和吞吐量。,20260734,4.8248865539208055,2.58736931392923,4815.624,2578.044,-46.374504664225135,-46.46500640415447,True
baseline_sdaa_to_round5_final,00:009,性能优化必须同时保证结果正确，不能用缩短音频或降低质量换取速度。,20260735,4.802175580989569,2.7538366140797734,4795.189,2743.595,-42.65439554144126,-42.78442413844377,True
baseline_sdaa_to_round5_final,00:010,你好，这是用于太初 SDAA 卡性能测试的第一条固定语音。,20260736,5.227337551768869,3.11716263089329,5220.249,3096.092,-40.36806309096149,-40.690721841046276,True
baseline_sdaa_to_round5_final,00:011,今天的天气很好，我们正在验证语音合成服务的延迟和音频质量。,20260737,3.929662815760821,2.2434470602311194,3923.091,2235.05,-42.90993488720568,-43.02834168261709,True
baseline_sdaa_to_round5_final,00:012,请保持自然、清晰、稳定的语速，完整读出这段性能测试文本。,20260738,4.520504523999989,2.4680752749554813,4513.613,2458.752,-45.40265888791561,-45.525857001918425,True
baseline_sdaa_to_round5_final,00:013,CosyVoice API 正在国产加速卡上运行，本次测试会记录实时率和吞吐量。,20260739,4.487920505926013,2.5434670578688383,4481.739,2531.007,-43.326379009825324,-43.52622943906371,True
baseline_sdaa_to_round5_final,00:014,性能优化必须同时保证结果正确，不能用缩短音频或降低质量换取速度。,20260740,5.299579991959035,2.9555605920031667,5292.286,2947.23,-44.230286239898454,-44.3108327856809,True
baseline_sdaa_to_round5_final,00:015,你好，这是用于太初 SDAA 卡性能测试的第一条固定语音。,20260741,4.489125702064484,2.4973479118198156,4481.497,2491.013,-44.36894670444801,-44.41560487488891,True
baseline_sdaa_to_round5_final,00:016,今天的天气很好，我们正在验证语音合成服务的延迟和音频质量。,20260742,3.77039346517995,2.291016505099833,3762.868,2285.734,-39.23667314147307,-39.255535936950224,True
baseline_sdaa_to_round5_final,00:017,请保持自然、清晰、稳定的语速，完整读出这段性能测试文本。,20260743,4.426152864936739,2.4400566397234797,4417.097,2429.413,-44.87183985322309,-44.999781530720284,True
baseline_sdaa_to_round5_final,00:018,CosyVoice API 正在国产加速卡上运行，本次测试会记录实时率和吞吐量。,20260744,4.685360690113157,2.8891355521045625,4679.059,2879.01,-38.33696606963281,-38.47032063498237,True
baseline_sdaa_to_round5_final,00:019,性能优化必须同时保证结果正确，不能用缩短音频或降低质量换取速度。,20260745,4.805512642022222,2.7596195531077683,4799.578,2751.902,-42.57387798804157,-42.663667514102286,True
baseline_sdaa_to_round5_final,00:020,你好，这是用于太初 SDAA 卡性能测试的第一条固定语音。,20260746,4.856630261056125,2.6416978132911026,4849.505,2634.178,-45.60636343939763,-45.681507700270444,True
baseline_sdaa_to_round5_final,00:021,今天的天气很好，我们正在验证语音合成服务的延迟和音频质量。,20260747,3.784106540028006,2.3087364472448826,3777.263,2299.153,-38.988598158555135,-39.13177345607124,True
baseline_sdaa_to_round5_final,00:022,请保持自然、清晰、稳定的语速，完整读出这段性能测试文本。,20260748,4.249227199703455,2.3510877937078476,4241.894,2341.327,-44.670226297338836,-44.80467923055126,True
baseline_sdaa_to_round5_final,00:023,CosyVoice API 正在国产加速卡上运行，本次测试会记录实时率和吞吐量。,20260749,5.142280756961554,2.726375862956047,5135.806,2717.878,-46.981193913515625,-47.07981570954976,True
baseline_sdaa_to_round5_final,00:024,性能优化必须同时保证结果正确，不能用缩短音频或降低质量换取速度。,20260750,4.800535211805254,2.803217687178403,4792.591,2794.374,-41.60614257583488,-41.69387706983551,True
baseline_sdaa_to_round5_final,01:000,你好，这是用于太初 SDAA 卡性能测试的第一条固定语音。,20260726,4.1131784790195525,2.7219755188561976,4108.03,2717.077,-33.82306328936575,-33.85936811561745,True
baseline_sdaa_to_round5_final,01:001,今天的天气很好，我们正在验证语音合成服务的延迟和音频质量。,20260727,4.1027030614204705,2.3355091009289026,4097.843,2328.227,-43.07389382159468,-43.18408489539497,True
baseline_sdaa_to_round5_final,01:002,请保持自然、清晰、稳定的语速，完整读出这段性能测试文本。,20260728,4.332122931722552,2.40248647890985,4325.334,2394.332,-44.54251375653907,-44.64399743464897,True
baseline_sdaa_to_round5_final,01:003,CosyVoice API 正在国产加速卡上运行，本次测试会记录实时率和吞吐量。,20260729,4.231494391802698,2.5037744850851595,4226.135,2497.926,-40.83001764257324,-40.89336947352605,True
baseline_sdaa_to_round5_final,01:004,性能优化必须同时保证结果正确，不能用缩短音频或降低质量换取速度。,20260730,5.419656578917056,3.707619907334447,5414.006,3696.685,-31.589394026230067,-31.71996854085497,True
baseline_sdaa_to_round5_final,01:005,你好，这是用于太初 SDAA 卡性能测试的第一条固定语音。,20260731,4.391489372123033,2.4575226032175124,4387.326,2447.995,-44.038971861852836,-44.20302936230406,True
baseline_sdaa_to_round5_final,01:006,今天的天气很好，我们正在验证语音合成服务的延迟和音频质量。,20260732,4.177780728787184,2.336945353075862,4169.523,2327.503,-44.06251776276729,-44.17819496378842,True
baseline_sdaa_to_round5_final,01:007,请保持自然、清晰、稳定的语速，完整读出这段性能测试文本。,20260733,4.373631768859923,2.45826722914353,4365.944,2448.868,-43.79345680982356,-43.90977071625289,True
baseline_sdaa_to_round5_final,01:008,CosyVoice API 正在国产加速卡上运行，本次测试会记录实时率和吞吐量。,20260734,4.793794316705316,2.5865305941551924,4787.465,2579.303,-46.0441891480053,-46.12382544833227,True
baseline_sdaa_to_round5_final,01:009,性能优化必须同时保证结果正确，不能用缩短音频或降低质量换取速度。,20260735,4.7576087871566415,2.7479883078485727,4751.241,2736.884,-42.24013720365409,-42.39643916189475,True
baseline_sdaa_to_round5_final,01:010,你好，这是用于太初 SDAA 卡性能测试的第一条固定语音。,20260736,5.224127363879234,3.109917040914297,5217.686,3102.55,-40.4701144459657,-40.53781695563895,True
baseline_sdaa_to_round5_final,01:011,今天的天气很好，我们正在验证语音合成服务的延迟和音频质量。,20260737,4.001360561698675,2.2521554180420935,3995.815,2244.875,-43.71525926456379,-43.81934599074282,True
baseline_sdaa_to_round5_final,01:012,请保持自然、清晰、稳定的语速，完整读出这段性能测试文本。,20260738,4.475097730290145,2.4647743958048522,4468.538,2455.846,-44.92244539997906,-45.041398327596184,True
baseline_sdaa_to_round5_final,01:013,CosyVoice API 正在国产加速卡上运行，本次测试会记录实时率和吞吐量。,20260739,4.490517823956907,2.5273581831716,4484.301,2517.87,-43.71788995718606,-43.85144975772145,True
baseline_sdaa_to_round5_final,01:014,性能优化必须同时保证结果正确，不能用缩短音频或降低质量换取速度。,20260740,5.334282686933875,2.965270470827818,5327.228,2953.753,-44.41107371210122,-44.553659051198856,True
baseline_sdaa_to_round5_final,01:015,你好，这是用于太初 SDAA 卡性能测试的第一条固定语音。,20260741,4.52484479919076,2.48772015189752,4517.565,2482.399,-45.020873371337885,-45.05006568804212,True
baseline_sdaa_to_round5_final,01:016,今天的天气很好，我们正在验证语音合成服务的延迟和音频质量。,20260742,3.7904555900022388,2.2851748783141375,3782.893,2277.203,-39.712395408574416,-39.8026061006748,True
baseline_sdaa_to_round5_final,01:017,请保持自然、清晰、稳定的语速，完整读出这段性能测试文本。,20260743,4.429333323147148,2.441439177375287,4423.475,2431.727,-44.88021110046906,-45.02677193835164,True
baseline_sdaa_to_round5_final,01:018,CosyVoice API 正在国产加速卡上运行，本次测试会记录实时率和吞吐量。,20260744,4.701839254237711,2.8722710530273616,4695.619,2863.568,-38.911755640335464,-39.01617656798815,True
baseline_sdaa_to_round5_final,01:019,性能优化必须同时保证结果正确，不能用缩短音频或降低质量换取速度。,20260745,4.812719542067498,2.7617905363440514,4806.335,2753.472,-42.61476256400321,-42.711608741379855,True
baseline_sdaa_to_round5_final,01:020,你好，这是用于太初 SDAA 卡性能测试的第一条固定语音。,20260746,4.858792641200125,2.7204876709729433,4852.459,2707.882,-44.00897770560176,-44.195674811471875,True
baseline_sdaa_to_round5_final,01:021,今天的天气很好，我们正在验证语音合成服务的延迟和音频质量。,20260747,3.798658650368452,2.3089822600595653,3792.768,2300.256,-39.215852947576515,-39.35152374202694,True
baseline_sdaa_to_round5_final,01:022,请保持自然、清晰、稳定的语速，完整读出这段性能测试文本。,20260748,4.203075451776385,2.364070300012827,4197.588,2357.627,-43.753798209506854,-43.83376834505911,True
baseline_sdaa_to_round5_final,01:023,CosyVoice API 正在国产加速卡上运行，本次测试会记录实时率和吞吐量。,20260749,5.170426178257912,2.6784251159988344,5164.331,2672.162,-48.197208051014385,-48.25734446533346,True
baseline_sdaa_to_round5_final,01:024,性能优化必须同时保证结果正确，不能用缩短音频或降低质量换取速度。,20260750,4.772632396779954,2.8024383429437876,4765.369,2793.42,-41.281076983122276,-41.38082486371989,True
baseline_sdaa_to_round5_final,02:000,你好，这是用于太初 SDAA 卡性能测试的第一条固定语音。,20260726,4.144563407171518,2.7266326239332557,4140.088,2719.273,-34.21182508113533,-34.318473423753304,True
baseline_sdaa_to_round5_final,02:001,今天的天气很好，我们正在验证语音合成服务的延迟和音频质量。,20260727,4.0823268089443445,2.315102909691632,4077.458,2309.179,-43.289623343744545,-43.36719102931287,True
baseline_sdaa_to_round5_final,02:002,请保持自然、清晰、稳定的语速，完整读出这段性能测试文本。,20260728,4.33095463598147,2.415275908075273,4326.227,2408.354,-44.23225106055795,-44.331307626714924,True
baseline_sdaa_to_round5_final,02:003,CosyVoice API 正在国产加速卡上运行，本次测试会记录实时率和吞吐量。,20260729,4.220566914882511,2.5194637728855014,4212.761,2511.575,-40.30508640909354,-40.38173539870884,True
baseline_sdaa_to_round5_final,02:004,性能优化必须同时保证结果正确，不能用缩短音频或降低质量换取速度。,20260730,5.401889226865023,3.7062390237115324,5396.824,3695.73,-31.38994770052992,-31.52027933466053,True
baseline_sdaa_to_round5_final,02:005,你好，这是用于太初 SDAA 卡性能测试的第一条固定语音。,20260731,4.44680726993829,2.4680039598606527,4442.409,2458.224,-44.49941699643524,-44.66461777832702,True
baseline_sdaa_to_round5_final,02:006,今天的天气很好，我们正在验证语音合成服务的延迟和音频质量。,20260732,4.16164098540321,2.327445773873478,4158.032,2319.515,-44.07384534041016,-44.21603777941103,True
baseline_sdaa_to_round5_final,02:007,请保持自然、清晰、稳定的语速，完整读出这段性能测试文本。,20260733,4.359165567904711,2.4241684447042644,4354.117,2417.25,-44.38916331710997,-44.48357726721629,True
baseline_sdaa_to_round5_final,02:008,CosyVoice API 正在国产加速卡上运行，本次测试会记录实时率和吞吐量。,20260734,4.795681389048696,2.589215429034084,4790.488,2582.565,-46.00943601160087,-46.08973031557537,True
baseline_sdaa_to_round5_final,02:009,性能优化必须同时保证结果正确，不能用缩短音频或降低质量换取速度。,20260735,4.7485969718545675,2.7307120161131024,4743.127,2725.528,-42.49434027991175,-42.537317680930755,True
baseline_sdaa_to_round5_final,02:010,你好，这是用于太初 SDAA 卡性能测试的第一条固定语音。,20260736,5.232255259063095,3.128814232069999,5227.047,3114.532,-40.201422194561374,-40.41507566318037,True
baseline_sdaa_to_round5_final,02:011,今天的天气很好，我们正在验证语音合成服务的延迟和音频质量。,20260737,3.946300336625427,2.266867882106453,3941.949,2256.395,-42.55713735045051,-42.75940657781214,True
baseline_sdaa_to_round5_final,02:012,请保持自然、清晰、稳定的语速，完整读出这段性能测试文本。,20260738,4.458297224715352,2.4668066380545497,4453.76,2458.159,-44.669309520698285,-44.80710680413853,True
baseline_sdaa_to_round5_final,02:013,CosyVoice API 正在国产加速卡上运行，本次测试会记录实时率和吞吐量。,20260739,4.479526984039694,2.5272186188958585,4473.552,2518.922,-43.58291337678737,-43.693020669034354,True
baseline_sdaa_to_round5_final,02:014,性能优化必须同时保证结果正确，不能用缩短音频或降低质量换取速度。,20260740,5.309602462220937,2.95770946983248,5301.66,2948.382,-44.29508629172759,-44.38756917644662,True
baseline_sdaa_to_round5_final,02:015,你好，这是用于太初 SDAA 卡性能测试的第一条固定语音。,20260741,4.495219189208001,2.4934168653562665,4488.086,2483.858,-44.53180678391849,-44.65663091126151,True
baseline_sdaa_to_round5_final,02:016,今天的天气很好，我们正在验证语音合成服务的延迟和音频质量。,20260742,3.777917511295527,2.2929739779792726,3770.718,2284.959,-39.30587496620688,-39.402548798398605,True
baseline_sdaa_to_round5_final,02:017,请保持自然、清晰、稳定的语速，完整读出这段性能测试文本。,20260743,4.439025598112494,2.441630430985242,4433.44,2434.943,-44.99625251038333,-45.07779512071889,True
baseline_sdaa_to_round5_final,02:018,CosyVoice API 正在国产加速卡上运行，本次测试会记录实时率和吞吐量。,20260744,4.677100039087236,2.8985098507255316,4671.369,2885.238,-38.02762766453049,-38.23570777645696,True
baseline_sdaa_to_round5_final,02:019,性能优化必须同时保证结果正确，不能用缩短音频或降低质量换取速度。,20260745,4.797081085853279,2.7556908982805908,4792.651,2745.583,-42.55484014211898,-42.71264483894195,True
baseline_sdaa_to_round5_final,02:020,你好，这是用于太初 SDAA 卡性能测试的第一条固定语音。,20260746,4.8517896719276905,2.6597882411442697,4846.542,2650.489,-45.17923444757458,-45.31175010966583,True
baseline_sdaa_to_round5_final,02:021,今天的天气很好，我们正在验证语音合成服务的延迟和音频质量。,20260747,3.8198627550154924,2.31493256194517,3814.042,2307.533,-39.39749382603718,-39.49901443140899,True
baseline_sdaa_to_round5_final,02:022,请保持自然、清晰、稳定的语速，完整读出这段性能测试文本。,20260748,4.266144415829331,2.3473689290694892,4261.681,2340.03,-44.97680574619823,-45.09138530077684,True
baseline_sdaa_to_round5_final,02:023,CosyVoice API 正在国产加速卡上运行，本次测试会记录实时率和吞吐量。,20260749,5.123375691007823,2.6947309132665396,5118.4,2687.675,-47.40321468136456,-47.48993826195685,True
baseline_sdaa_to_round5_final,02:024,性能优化必须同时保证结果正确，不能用缩短音频或降低质量换取速度。,20260750,4.775162749923766,2.7993385829031467,4769.236,2793.52,-41.37710629972062,-41.42625779055598,True
baseline_sdaa_to_round5_final,03:000,你好，这是用于太初 SDAA 卡性能测试的第一条固定语音。,20260726,4.113641700241715,2.7258699857629836,4108.003,2716.582,-33.73584321641787,-33.8709830542967,True
baseline_sdaa_to_round5_final,03:001,今天的天气很好，我们正在验证语音合成服务的延迟和音频质量。,20260727,4.095440643839538,2.322021204046905,4090.161,2312.2,-43.302286469717345,-43.46921795987983,True
baseline_sdaa_to_round5_final,03:002,请保持自然、清晰、稳定的语速，完整读出这段性能测试文本。,20260728,4.335969583131373,2.407432878855616,4328.327,2398.34,-44.477634524433086,-44.58967633452833,True
baseline_sdaa_to_round5_final,03:003,CosyVoice API 正在国产加速卡上运行，本次测试会记录实时率和吞吐量。,20260729,4.234452089294791,2.538002331741154,4227.818,2527.741,-40.063028740895845,-40.211688393398205,True
baseline_sdaa_to_round5_final,03:004,性能优化必须同时保证结果正确，不能用缩短音频或降低质量换取速度。,20260730,5.410543770994991,3.701443634927273,5401.444,3690.445,-31.58832473049964,-31.676696083491752,True
baseline_sdaa_to_round5_final,03:005,你好，这是用于太初 SDAA 卡性能测试的第一条固定语音。,20260731,4.394872636999935,2.456943124998361,4387.795,2446.339,-44.09523715627991,-44.24673440760108,True
baseline_sdaa_to_round5_final,03:006,今天的天气很好，我们正在验证语音合成服务的延迟和音频质量。,20260732,4.163255168125033,2.324272582307458,4152.586,2314.523,-44.1717481046395,-44.26309292570942,True
baseline_sdaa_to_round5_final,03:007,请保持自然、清晰、稳定的语速，完整读出这段性能测试文本。,20260733,4.364657766651362,2.427352959755808,4358.068,2420.042,-44.38617895079289,-44.46984305889674,True
baseline_sdaa_to_round5_final,03:008,CosyVoice API 正在国产加速卡上运行，本次测试会记录实时率和吞吐量。,20260734,4.785241484642029,2.607667369302362,4778.649,2598.472,-45.50604441444537,-45.62329227361123,True
baseline_sdaa_to_round5_final,03:009,性能优化必须同时保证结果正确，不能用缩短音频或降低质量换取速度。,20260735,4.753269680310041,2.7463869089260697,4746.786,2736.105,-42.221100555209155,-42.35878760913173,True
baseline_sdaa_to_round5_final,03:010,你好，这是用于太初 SDAA 卡性能测试的第一条固定语音。,20260736,5.200501014012843,3.10699978005141,5194.571,3095.032,-40.25576051846652,-40.41794789213584,True
baseline_sdaa_to_round5_final,03:011,今天的天气很好，我们正在验证语音合成服务的延迟和音频质量。,20260737,3.933124679606408,2.260076796170324,3926.857,2251.414,-42.53737218428345,-42.66625955567008,True
baseline_sdaa_to_round5_final,03:012,请保持自然、清晰、稳定的语速，完整读出这段性能测试文本。,20260738,4.446524137631059,2.4738384019583464,4439.72,2466.556,-44.36466944996019,-44.44343336967196,True
baseline_sdaa_to_round5_final,03:013,CosyVoice API 正在国产加速卡上运行，本次测试会记录实时率和吞吐量。,20260739,4.467118666041642,2.5202130740508437,4460.457,2515.481,-43.583028290492464,-43.60485932271065,True
baseline_sdaa_to_round5_final,03:014,性能优化必须同时保证结果正确，不能用缩短音频或降低质量换取速度。,20260740,5.300937503110617,2.949157722759992,5293.027,2942.094,-44.36535573133222,-44.41566234217207,True
baseline_sdaa_to_round5_final,03:015,你好，这是用于太初 SDAA 卡性能测试的第一条固定语音。,20260741,4.497490996029228,2.4892267789691687,4490.106,2481.356,-44.65299027464709,-44.737251191842674,True
baseline_sdaa_to_round5_final,03:016,今天的天气很好，我们正在验证语音合成服务的延迟和音频质量。,20260742,3.7784497812390327,2.305785751901567,3772.197,2298.904,-38.97535006683478,-39.05662933298552,True
baseline_sdaa_to_round5_final,03:017,请保持自然、清晰、稳定的语速，完整读出这段性能测试文本。,20260743,4.458578491117805,2.436471441294998,4451.594,2429.989,-45.35317823497253,-45.41305878298875,True
baseline_sdaa_to_round5_final,03:018,CosyVoice API 正在国产加速卡上运行，本次测试会记录实时率和吞吐量。,20260744,4.731159674935043,2.882611376233399,4720.53,2876.751,-39.07177998018052,-39.05872857496932,True
baseline_sdaa_to_round5_final,03:019,性能优化必须同时保证结果正确，不能用缩短音频或降低质量换取速度。,20260745,4.828466460108757,2.7430295469239354,4819.779,2736.94,-43.19046078944595,-43.214408793432234,True
baseline_sdaa_to_round5_final,03:020,你好，这是用于太初 SDAA 卡性能测试的第一条固定语音。,20260746,4.8830828638747334,2.653116143774241,4874.223,2646.902,-45.667189811540695,-45.6959191239301,True
baseline_sdaa_to_round5_final,03:021,今天的天气很好，我们正在验证语音合成服务的延迟和音频质量。,20260747,3.824011040851474,2.305884627159685,3817.945,2297.597,-39.69984389359281,-39.821107952052735,True
baseline_sdaa_to_round5_final,03:022,请保持自然、清晰、稳定的语速，完整读出这段性能测试文本。,20260748,4.212368753738701,2.341784229967743,4207.266,2332.685,-44.40695088982214,-44.55579941938541,True
baseline_sdaa_to_round5_final,03:023,CosyVoice API 正在国产加速卡上运行，本次测试会记录实时率和吞吐量。,20260749,5.138972410000861,2.689088671002537,5132.788,2681.288,-47.67263848762157,-47.761567397679386,True
baseline_sdaa_to_round5_final,03:024,性能优化必须同时保证结果正确，不能用缩短音频或降低质量换取速度。,20260750,4.7803432969376445,2.790488723665476,4774.066,2782.107,-41.62576722359872,-41.72458026344839,True
round5_final_to_round8_final,00:000,你好，这是用于太初 SDAA 卡性能测试的第一条固定语音。,20260726,2.7190965111367404,2.469855565112084,2709.622,2459.616,-9.166314803605813,-9.226600610712488,True
round5_final_to_round8_final,00:001,今天的天气很好，我们正在验证语音合成服务的延迟和音频质量。,20260727,2.324223639909178,2.1095932200551033,2314.583,2099.308,-9.234499476240664,-9.3008114204589,True
round5_final_to_round8_final,00:002,请保持自然、清晰、稳定的语速，完整读出这段性能测试文本。,20260728,2.420824347063899,2.16852591605857,2412.46,2158.071,-10.422004855962786,-10.544796597663797,True
round5_final_to_round8_final,00:003,CosyVoice API 正在国产加速卡上运行，本次测试会记录实时率和吞吐量。,20260729,2.5249698203988373,2.256976816803217,2512.242,2248.07,-10.613711159260076,-10.515388246832913,True
round5_final_to_round8_final,00:004,性能优化必须同时保证结果正确，不能用缩短音频或降低质量换取速度。,20260730,3.704415536019951,2.6068849498406053,3695.801,2596.012,-29.62763155233228,-29.75779810655389,True
round5_final_to_round8_final,00:005,你好，这是用于太初 SDAA 卡性能测试的第一条固定语音。,20260731,2.4711328288540244,2.266062851063907,2464.203,2256.626,-8.298622210657026,-8.423697235982575,True
round5_final_to_round8_final,00:006,今天的天气很好，我们正在验证语音合成服务的延迟和音频质量。,20260732,2.347042370121926,2.07891806634143,2332.63,2070.865,-11.42392260121693,-11.221882596039679,True
round5_final_to_round8_final,00:007,请保持自然、清晰、稳定的语速，完整读出这段性能测试文本。,20260733,2.4309156737290323,2.177668171003461,2422.774,2169.719,-10.41778229752779,-10.44484545401263,True
round5_final_to_round8_final,00:008,CosyVoice API 正在国产加速卡上运行，本次测试会记录实时率和吞吐量。,20260734,2.58736931392923,2.3712026830762625,2578.044,2361.504,-8.354687894349821,-8.399391166326097,True
round5_final_to_round8_final,00:009,性能优化必须同时保证结果正确，不能用缩短音频或降低质量换取速度。,20260735,2.7538366140797734,2.4636559397913516,2743.595,2453.154,-10.537323558151224,-10.586147007849188,True
round5_final_to_round8_final,00:010,你好，这是用于太初 SDAA 卡性能测试的第一条固定语音。,20260736,3.11716263089329,2.873380874749273,3096.092,2864.627,-7.820630009097607,-7.476037533768376,True
round5_final_to_round8_final,00:011,今天的天气很好，我们正在验证语音合成服务的延迟和音频质量。,20260737,2.2434470602311194,1.983698520809412,2235.05,1975.92,-11.578099792332441,-11.593924073286955,True
round5_final_to_round8_final,00:012,请保持自然、清晰、稳定的语速，完整读出这段性能测试文本。,20260738,2.4680752749554813,2.199196749832481,2458.752,2192.419,-10.894259500567705,-10.832039994273524,True
round5_final_to_round8_final,00:013,CosyVoice API 正在国产加速卡上运行，本次测试会记录实时率和吞吐量。,20260739,2.5434670578688383,2.2587562589906156,2531.007,2249.95,-11.193807208841179,-11.104552456788952,True
round5_final_to_round8_final,00:014,性能优化必须同时保证结果正确，不能用缩短音频或降低质量换取速度。,20260740,2.9555605920031667,2.6442049900069833,2947.23,2633.995,-10.534570085912476,-10.628115213268053,True
round5_final_to_round8_final,00:015,你好，这是用于太初 SDAA 卡性能测试的第一条固定语音。,20260741,2.4973479118198156,2.2304859491996467,2491.013,2223.197,-10.685814393626348,-10.75128873273643,True
round5_final_to_round8_final,00:016,今天的天气很好，我们正在验证语音合成服务的延迟和音频质量。,20260742,2.291016505099833,2.020599423907697,2285.734,2012.581,-11.803366784577229,-11.950340678311655,True
round5_final_to_round8_final,00:017,请保持自然、清晰、稳定的语速，完整读出这段性能测试文本。,20260743,2.4400566397234797,2.1794994338415563,2429.413,2172.04,-10.678326135554428,-10.5940406180423,True
round5_final_to_round8_final,00:018,CosyVoice API 正在国产加速卡上运行，本次测试会记录实时率和吞吐量。,20260744,2.8891355521045625,2.595556084997952,2879.01,2587.167,-10.161498545568604,-10.13692206696053,True
round5_final_to_round8_final,00:019,性能优化必须同时保证结果正确，不能用缩短音频或降低质量换取速度。,20260745,2.7596195531077683,2.4851931440643966,2751.902,2474.909,-9.944356595615655,-10.065511053809328,True
round5_final_to_round8_final,00:020,你好，这是用于太初 SDAA 卡性能测试的第一条固定语音。,20260746,2.6416978132911026,2.3897373699583113,2634.178,2382.811,-9.537822307498967,-9.542521424140649,True
round5_final_to_round8_final,00:021,今天的天气很好，我们正在验证语音合成服务的延迟和音频质量。,20260747,2.3087364472448826,2.039903126191348,2299.153,2034.041,-11.644175383220789,-11.530855058362787,True
round5_final_to_round8_final,00:022,请保持自然、清晰、稳定的语速，完整读出这段性能测试文本。,20260748,2.3510877937078476,2.0858796876855195,2341.327,2076.072,-11.280229803927245,-11.329259005683534,True
round5_final_to_round8_final,00:023,CosyVoice API 正在国产加速卡上运行，本次测试会记录实时率和吞吐量。,20260749,2.726375862956047,2.4502831040881574,2717.878,2441.399,-10.126731336615435,-10.172605245710088,True
round5_final_to_round8_final,00:024,性能优化必须同时保证结果正确，不能用缩短音频或降低质量换取速度。,20260750,2.803217687178403,2.5064381477423012,2794.374,2497.14,-10.587102842334994,-10.636872515991058,True
round5_final_to_round8_final,01:000,你好，这是用于太初 SDAA 卡性能测试的第一条固定语音。,20260726,2.7219755188561976,2.4483650573529303,2717.077,2441.185,-10.051907506436397,-10.154000052262058,True
round5_final_to_round8_final,01:001,今天的天气很好，我们正在验证语音合成服务的延迟和音频质量。,20260727,2.3355091009289026,2.0478022322058678,2328.227,2039.481,-12.318807432974898,-12.401969395595868,True
round5_final_to_round8_final,01:002,请保持自然、清晰、稳定的语速，完整读出这段性能测试文本。,20260728,2.40248647890985,2.1574377329088748,2394.332,2147.491,-10.199797091560258,-10.309389007038284,True
round5_final_to_round8_final,01:003,CosyVoice API 正在国产加速卡上运行，本次测试会记录实时率和吞吐量。,20260729,2.5037744850851595,2.2438092129305005,2497.926,2235.928,-10.382934793179544,-10.488621360280492,True
round5_final_to_round8_final,01:004,性能优化必须同时保证结果正确，不能用缩短音频或降低质量换取速度。,20260730,3.707619907334447,2.6060054758563638,3696.685,2596.212,-29.712172741840646,-29.76918509421279,True
round5_final_to_round8_final,01:005,你好，这是用于太初 SDAA 卡性能测试的第一条固定语音。,20260731,2.4575226032175124,2.1866291793994606,2447.995,2178.1,-11.023028779608557,-11.025145067698261,True
round5_final_to_round8_final,01:006,今天的天气很好，我们正在验证语音合成服务的延迟和音频质量。,20260732,2.336945353075862,2.0626631369814277,2327.503,2056.122,-11.736783478202728,-11.659748666274561,True
round5_final_to_round8_final,01:007,请保持自然、清晰、稳定的语速，完整读出这段性能测试文本。,20260733,2.45826722914353,2.1563888429664075,2448.868,2148.134,-12.280128970449567,-12.280531249540605,True
round5_final_to_round8_final,01:008,CosyVoice API 正在国产加速卡上运行，本次测试会记录实时率和吞吐量。,20260734,2.5865305941551924,2.38114330265671,2579.303,2371.423,-7.940648062025546,-8.05954166687668,True
round5_final_to_round8_final,01:009,性能优化必须同时保证结果正确，不能用缩短音频或降低质量换取速度。,20260735,2.7479883078485727,2.4569701720029116,2736.884,2447.629,-10.590224675064286,-10.568770908814551,True
round5_final_to_round8_final,01:010,你好，这是用于太初 SDAA 卡性能测试的第一条固定语音。,20260736,3.109917040914297,2.810536573641002,3102.55,2803.598,-9.626638374420393,-9.635686773782858,True
round5_final_to_round8_final,01:011,今天的天气很好，我们正在验证语音合成服务的延迟和音频质量。,20260737,2.2521554180420935,2.002057014964521,2244.875,1991.368,-11.104846542739711,-11.292700038977676,True
round5_final_to_round8_final,01:012,请保持自然、清晰、稳定的语速，完整读出这段性能测试文本。,20260738,2.4647743958048522,2.2216975148767233,2455.846,2212.228,-9.86203367504368,-9.91992168890069,True
round5_final_to_round8_final,01:013,CosyVoice API 正在国产加速卡上运行，本次测试会记录实时率和吞吐量。,20260739,2.5273581831716,2.2431267988868058,2517.87,2233.871,-11.246185292506116,-11.27933531119557,True
round5_final_to_round8_final,01:014,性能优化必须同时保证结果正确，不能用缩短音频或降低质量换取速度。,20260740,2.965270470827818,2.6293739578686655,2953.753,2620.909,-11.327685493235284,-11.268511618947151,True
round5_final_to_round8_final,01:015,你好，这是用于太初 SDAA 卡性能测试的第一条固定语音。,20260741,2.48772015189752,2.2347318129613996,2482.399,2226.163,-10.169485452097671,-10.322111795887768,True
round5_final_to_round8_final,01:016,今天的天气很好，我们正在验证语音合成服务的延迟和音频质量。,20260742,2.2851748783141375,2.028395594097674,2277.203,2021.348,-11.236745452317399,-11.235493717512234,True
round5_final_to_round8_final,01:017,请保持自然、清晰、稳定的语速，完整读出这段性能测试文本。,20260743,2.441439177375287,2.1862800577655435,2431.727,2178.518,-10.451176583643452,-10.412723138740487,True
round5_final_to_round8_final,01:018,CosyVoice API 正在国产加速卡上运行，本次测试会记录实时率和吞吐量。,20260744,2.8722710530273616,2.580146033782512,2863.568,2572.827,-10.170524085355769,-10.153102702642292,True
round5_final_to_round8_final,01:019,性能优化必须同时保证结果正确，不能用缩短音频或降低质量换取速度。,20260745,2.7617905363440514,2.453010927885771,2753.472,2444.433,-11.180413735034033,-11.223611498500807,True
round5_final_to_round8_final,01:020,你好，这是用于太初 SDAA 卡性能测试的第一条固定语音。,20260746,2.7204876709729433,2.3898109826259315,2707.882,2382.094,-12.155051900262793,-12.031100321210452,True
round5_final_to_round8_final,01:021,今天的天气很好，我们正在验证语音合成服务的延迟和音频质量。,20260747,2.3089822600595653,2.029973021708429,2300.256,2022.136,-12.083645819952672,-12.090828151301414,True
round5_final_to_round8_final,01:022,请保持自然、清晰、稳定的语速，完整读出这段性能测试文本。,20260748,2.364070300012827,2.0743466769345105,2357.627,2066.228,-12.255287969936612,-12.359843181300512,True
round5_final_to_round8_final,01:023,CosyVoice API 正在国产加速卡上运行，本次测试会记录实时率和吞吐量。,20260749,2.6784251159988344,2.4155409880913794,2672.162,2407.424,-9.81487689677001,-9.907258616805414,True
round5_final_to_round8_final,01:024,性能优化必须同时保证结果正确，不能用缩短音频或降低质量换取速度。,20260750,2.8024383429437876,2.541804778855294,2793.42,2531.583,-9.300242581419804,-9.373348798247305,True
round5_final_to_round8_final,02:000,你好，这是用于太初 SDAA 卡性能测试的第一条固定语音。,20260726,2.7266326239332557,2.4387324592098594,2719.273,2432.758,-10.558817575801282,-10.536455883613016,True
round5_final_to_round8_final,02:001,今天的天气很好，我们正在验证语音合成服务的延迟和音频质量。,20260727,2.315102909691632,2.0522140469402075,2309.179,2044.794,-11.355385613784252,-11.449307307921996,True
round5_final_to_round8_final,02:002,请保持自然、清晰、稳定的语速，完整读出这段性能测试文本。,20260728,2.415275908075273,2.1676234384067357,2408.354,2159.749,-10.253589200328294,-10.322610380367669,True
round5_final_to_round8_final,02:003,CosyVoice API 正在国产加速卡上运行，本次测试会记录实时率和吞吐量。,20260729,2.5194637728855014,2.2511610370129347,2511.575,2243.09,-10.649199990888691,-10.689905736440263,True
round5_final_to_round8_final,02:004,性能优化必须同时保证结果正确，不能用缩短音频或降低质量换取速度。,20260730,3.7062390237115324,2.5962453079409897,3695.73,2587.077,-29.949328919940076,-29.998214155254843,True
round5_final_to_round8_final,02:005,你好，这是用于太初 SDAA 卡性能测试的第一条固定语音。,20260731,2.4680039598606527,2.210679371841252,2458.224,2200.746,-10.426425249087924,-10.47414718919024,True
round5_final_to_round8_final,02:006,今天的天气很好，我们正在验证语音合成服务的延迟和音频质量。,20260732,2.327445773873478,2.059159647207707,2319.515,2050.145,-11.52706239936464,-11.613203622308966,True
round5_final_to_round8_final,02:007,请保持自然、清晰、稳定的语速，完整读出这段性能测试文本。,20260733,2.4241684447042644,2.164117189589888,2417.25,2156.781,-10.727441638078972,-10.775426621160412,True
round5_final_to_round8_final,02:008,CosyVoice API 正在国产加速卡上运行，本次测试会记录实时率和吞吐量。,20260734,2.589215429034084,2.3199169589206576,2582.565,2311.9,-10.400774964248116,-10.480471933910662,True
round5_final_to_round8_final,02:009,性能优化必须同时保证结果正确，不能用缩短音频或降低质量换取速度。,20260735,2.7307120161131024,2.453957085032016,2725.528,2443.755,-10.134899961916144,-10.338290415655226,True
round5_final_to_round8_final,02:010,你好，这是用于太初 SDAA 卡性能测试的第一条固定语音。,20260736,3.128814232069999,2.809461743105203,3114.532,2800.745,-10.206821667182043,-10.074932606247112,True
round5_final_to_round8_final,02:011,今天的天气很好，我们正在验证语音合成服务的延迟和音频质量。,20260737,2.266867882106453,1.9815975441597402,2256.395,1974.811,-12.584338955017959,-12.47937528668518,True
round5_final_to_round8_final,02:012,请保持自然、清晰、稳定的语速，完整读出这段性能测试文本。,20260738,2.4668066380545497,2.195181948132813,2458.159,2187.598,-11.01118692205052,-11.006651725946126,True
round5_final_to_round8_final,02:013,CosyVoice API 正在国产加速卡上运行，本次测试会记录实时率和吞吐量。,20260739,2.5272186188958585,2.278120785020292,2518.922,2269.963,-9.856600137917527,-9.883553361318842,True
round5_final_to_round8_final,02:014,性能优化必须同时保证结果正确，不能用缩短音频或降低质量换取速度。,20260740,2.95770946983248,2.634905797895044,2948.382,2624.637,-10.913974994160569,-10.980429265949931,True
round5_final_to_round8_final,02:015,你好，这是用于太初 SDAA 卡性能测试的第一条固定语音。,20260741,2.4934168653562665,2.229133491870016,2483.858,2219.842,-10.599245443400374,-10.629271077493163,True
round5_final_to_round8_final,02:016,今天的天气很好，我们正在验证语音合成服务的延迟和音频质量。,20260742,2.2929739779792726,2.006487359292805,2284.959,1998.521,-12.49410684280592,-12.535804799998596,True
round5_final_to_round8_final,02:017,请保持自然、清晰、稳定的语速，完整读出这段性能测试文本。,20260743,2.441630430985242,2.205704634077847,2434.943,2198.407,-9.662633374543695,-9.714231503571135,True
round5_final_to_round8_final,02:018,CosyVoice API 正在国产加速卡上运行，本次测试会记录实时率和吞吐量。,20260744,2.8985098507255316,2.580806595273316,2885.238,2572.77,-10.960916878467419,-10.82988647730273,True
round5_final_to_round8_final,02:019,性能优化必须同时保证结果正确，不能用缩短音频或降低质量换取速度。,20260745,2.7556908982805908,2.455182753968984,2745.583,2446.321,-10.905001881709897,-10.89976154426947,True
round5_final_to_round8_final,02:020,你好，这是用于太初 SDAA 卡性能测试的第一条固定语音。,20260746,2.6597882411442697,2.4213989973068237,2650.489,2412.373,-8.962715157161849,-8.983851659071206,True
round5_final_to_round8_final,02:021,今天的天气很好，我们正在验证语音合成服务的延迟和音频质量。,20260747,2.31493256194517,2.043611748609692,2307.533,2035.334,-11.72046295411281,-11.796104324401856,True
round5_final_to_round8_final,02:022,请保持自然、清晰、稳定的语速，完整读出这段性能测试文本。,20260748,2.3473689290694892,2.0861888197250664,2340.03,2080.022,-11.12650449232776,-11.111310538753782,True
round5_final_to_round8_final,02:023,CosyVoice API 正在国产加速卡上运行，本次测试会记录实时率和吞吐量。,20260749,2.6947309132665396,2.448835960123688,2687.675,2440.58,-9.125028103261668,-9.19363390290866,True
round5_final_to_round8_final,02:024,性能优化必须同时保证结果正确，不能用缩短音频或降低质量换取速度。,20260750,2.7993385829031467,2.5208962401375175,2793.52,2513.522,-9.946719002345962,-10.023124946304307,True
round5_final_to_round8_final,03:000,你好，这是用于太初 SDAA 卡性能测试的第一条固定语音。,20260726,2.7258699857629836,2.4448640486225486,2716.582,2437.698,-10.308853269162066,-10.265988657806025,True
round5_final_to_round8_final,03:001,今天的天气很好，我们正在验证语音合成服务的延迟和音频质量。,20260727,2.322021204046905,2.0566156380809844,2312.2,2049.335,-11.429937224662801,-11.368609981835476,True
round5_final_to_round8_final,03:002,请保持自然、清晰、稳定的语速，完整读出这段性能测试文本。,20260728,2.407432878855616,2.154827679041773,2398.34,2145.083,-10.492720359203522,-10.559678777821324,True
round5_final_to_round8_final,03:003,CosyVoice API 正在国产加速卡上运行，本次测试会记录实时率和吞吐量。,20260729,2.538002331741154,2.2493227180093527,2527.741,2239.158,-11.374284811383827,-11.416636435457594,True
round5_final_to_round8_final,03:004,性能优化必须同时保证结果正确，不能用缩短音频或降低质量换取速度。,20260730,3.701443634927273,2.5995910270139575,3690.445,2590.386,-29.76818551324407,-29.80830225081258,True
round5_final_to_round8_final,03:005,你好，这是用于太初 SDAA 卡性能测试的第一条固定语音。,20260731,2.456943124998361,2.1828304789960384,2446.339,2175.562,-11.156654104579866,-11.068662192770507,True
round5_final_to_round8_final,03:006,今天的天气很好，我们正在验证语音合成服务的延迟和音频质量。,20260732,2.324272582307458,2.0679901079274714,2314.523,2062.59,-11.026351914608835,-10.88487779123387,True
round5_final_to_round8_final,03:007,请保持自然、清晰、稳定的语速，完整读出这段性能测试文本。,20260733,2.427352959755808,2.1539244847372174,2420.042,2148.548,-11.26447119771562,-11.218565628199851,True
round5_final_to_round8_final,03:008,CosyVoice API 正在国产加速卡上运行，本次测试会记录实时率和吞吐量。,20260734,2.607667369302362,2.3440563129261136,2598.472,2337.27,-10.10907524017426,-10.0521383336053,True
round5_final_to_round8_final,03:009,性能优化必须同时保证结果正确，不能用缩短音频或降低质量换取速度。,20260735,2.7463869089260697,2.4801552300341427,2736.105,2469.862,-9.693888287431163,-9.730730363052587,True
round5_final_to_round8_final,03:010,你好，这是用于太初 SDAA 卡性能测试的第一条固定语音。,20260736,3.10699978005141,2.8269144240766764,3095.032,2816.676,-9.014656446808612,-8.993638837982942,True
round5_final_to_round8_final,03:011,今天的天气很好，我们正在验证语音合成服务的延迟和音频质量。,20260737,2.260076796170324,1.9940613457001746,2251.414,1982.457,-11.770195195176992,-11.946136961038711,True
round5_final_to_round8_final,03:012,请保持自然、清晰、稳定的语速，完整读出这段性能测试文本。,20260738,2.4738384019583464,2.200938086025417,2466.556,2191.649,-11.031452811020138,-11.14537841427481,True
round5_final_to_round8_final,03:013,CosyVoice API 正在国产加速卡上运行，本次测试会记录实时率和吞吐量。,20260739,2.5202130740508437,2.2582834702916443,2515.481,2248.744,-10.393153120906117,-10.603816924079334,True
round5_final_to_round8_final,03:014,性能优化必须同时保证结果正确，不能用缩短音频或降低质量换取速度。,20260740,2.949157722759992,2.6503369701094925,2942.094,2639.587,-10.132410021490667,-10.282030417790866,True
round5_final_to_round8_final,03:015,你好，这是用于太初 SDAA 卡性能测试的第一条固定语音。,20260741,2.4892267789691687,2.226135117933154,2481.356,2218.623,-10.569212225210167,-10.588283180648006,True
round5_final_to_round8_final,03:016,今天的天气很好，我们正在验证语音合成服务的延迟和音频质量。,20260742,2.305785751901567,2.011849071830511,2298.904,2005.924,-12.747788029683516,-12.744333821681986,True
round5_final_to_round8_final,03:017,请保持自然、清晰、稳定的语速，完整读出这段性能测试文本。,20260743,2.436471441294998,2.1755132600665092,2429.989,2169.138,-10.710496203878673,-10.7346576465984,True
round5_final_to_round8_final,03:018,CosyVoice API 正在国产加速卡上运行，本次测试会记录实时率和吞吐量。,20260744,2.882611376233399,2.618685814086348,2876.751,2609.22,-9.15578021800194,-9.299762127483413,True
round5_final_to_round8_final,03:019,性能优化必须同时保证结果正确，不能用缩短音频或降低质量换取速度。,20260745,2.7430295469239354,2.4648000868037343,2736.94,2455.619,-10.143144846259888,-10.278668878382424,True
round5_final_to_round8_final,03:020,你好，这是用于太初 SDAA 卡性能测试的第一条固定语音。,20260746,2.653116143774241,2.3843855536542833,2646.902,2376.886,-10.128866418100724,-10.201208809393025,True
round5_final_to_round8_final,03:021,今天的天气很好，我们正在验证语音合成服务的延迟和音频质量。,20260747,2.305884627159685,2.0280478610657156,2297.597,2020.264,-12.049031543967569,-12.07056764088743,True
round5_final_to_round8_final,03:022,请保持自然、清晰、稳定的语速，完整读出这段性能测试文本。,20260748,2.341784229967743,2.0770958261564374,2332.685,2069.11,-11.302851920518385,-11.299210995055041,True
round5_final_to_round8_final,03:023,CosyVoice API 正在国产加速卡上运行，本次测试会记录实时率和吞吐量。,20260749,2.689088671002537,2.4411504310555756,2681.288,2433.115,-9.220158584600558,-9.255738286972537,True
round5_final_to_round8_final,03:024,性能优化必须同时保证结果正确，不能用缩短音频或降低质量换取速度。,20260750,2.790488723665476,2.51345814531669,2782.107,2505.435,-9.927672382237374,-9.944692997070204,True
baseline_sdaa_to_round8_final,00:000,你好，这是用于太初 SDAA 卡性能测试的第一条固定语音。,20260726,4.123511778190732,2.469855565112084,4116.753,2459.616,-40.103103908295864,-40.25349589834513,True
baseline_sdaa_to_round8_final,00:001,今天的天气很好，我们正在验证语音合成服务的延迟和音频质量。,20260727,4.132822975981981,2.1095932200551033,4127.666,2099.308,-48.9551516647322,-49.14055546160954,True
baseline_sdaa_to_round8_final,00:002,请保持自然、清晰、稳定的语速，完整读出这段性能测试文本。,20260728,4.336667099967599,2.16852591605857,4332.097,2158.071,-49.99556419549077,-50.18414869288477,True
baseline_sdaa_to_round8_final,00:003,CosyVoice API 正在国产加速卡上运行，本次测试会记录实时率和吞吐量。,20260729,4.205121961887926,2.256976816803217,4200.587,2248.07,-46.32791064661706,-46.48200358664158,True
baseline_sdaa_to_round8_final,00:004,性能优化必须同时保证结果正确，不能用缩短音频或降低质量换取速度。,20260730,5.420516377314925,2.6068849498406053,5410.034,2596.012,-51.90707363692283,-52.0148671893744,True
baseline_sdaa_to_round8_final,00:005,你好，这是用于太初 SDAA 卡性能测试的第一条固定语音。,20260731,4.404566567856818,2.266062851063907,4397.761,2256.626,-48.55196723325873,-48.686934101239245,True
baseline_sdaa_to_round8_final,00:006,今天的天气很好，我们正在验证语音合成服务的延迟和音频质量。,20260732,4.1472682557068765,2.07891806634143,4142.255,2070.865,-49.87259231469484,-50.00633712796533,True
baseline_sdaa_to_round8_final,00:007,请保持自然、清晰、稳定的语速，完整读出这段性能测试文本。,20260733,4.3748244238086045,2.177668171003461,4365.63,2169.719,-50.22272987340504,-50.29997961348076,True
baseline_sdaa_to_round8_final,00:008,CosyVoice API 正在国产加速卡上运行，本次测试会记录实时率和吞吐量。,20260734,4.8248865539208055,2.3712026830762625,4815.624,2361.504,-50.85474743132825,-50.96161992713717,True
baseline_sdaa_to_round8_final,00:009,性能优化必须同时保证结果正确，不能用缩短音频或降低质量换取速度。,20260735,4.802175580989569,2.4636559397913516,4795.189,2453.154,-48.69708742961719,-48.84134911053558,True
baseline_sdaa_to_round8_final,00:010,你好，这是用于太初 SDAA 卡性能测试的第一条固定语音。,20260736,5.227337551768869,2.873380874749273,5220.249,2864.627,-45.03165624387591,-45.12470573721675,True
baseline_sdaa_to_round8_final,00:011,今天的天气很好，我们正在验证语音合成服务的延迟和音频质量。,20260737,3.929662815760821,1.983698520809412,3923.091,1975.92,-49.519879597472574,-49.63359249122694,True
baseline_sdaa_to_round8_final,00:012,请保持自然、清晰、稳定的语速，完整读出这段性能测试文本。,20260738,4.520504523999989,2.199196749832481,4513.613,2192.419,-51.350634909076206,-51.42651795800837,True
baseline_sdaa_to_round8_final,00:013,CosyVoice API 正在国产加速卡上运行，本次测试会记录实时率和吞吐量。,20260739,4.487920505926013,2.2587562589906156,4481.739,2249.95,-49.670314881734825,-49.79738891532952,True
baseline_sdaa_to_round8_final,00:014,性能优化必须同时保证结果正确，不能用缩短音频或降低质量换取速度。,20260740,5.299579991959035,2.6442049900069833,5292.286,2633.995,-50.10538582266912,-50.22954163852823,True
baseline_sdaa_to_round8_final,00:015,你好，这是用于太初 SDAA 卡性能测试的第一条固定语音。,20260741,4.489125702064484,2.2304859491996467,4481.497,2223.197,-50.313577804830054,-50.39164368513468,True
baseline_sdaa_to_round8_final,00:016,今天的天气很好，我们正在验证语音合成服务的延迟和音频质量。,20260742,3.77039346517995,2.020599423907697,3762.868,2012.581,-46.40879148109652,-46.514706335699266,True
baseline_sdaa_to_round8_final,00:017,请保持自然、清晰、稳定的语速，完整读出这段性能测试文本。,20260743,4.426152864936739,2.1794994338415563,4417.097,2172.04,-50.758604586226674,-50.82652701536779,True
baseline_sdaa_to_round8_final,00:018,CosyVoice API 正在国产加速卡上运行，本次测试会记录实时率和吞吐量。,20260744,4.685360690113157,2.595556084997952,4679.059,2587.167,-44.602854365620544,-44.707536280264904,True
baseline_sdaa_to_round8_final,00:019,性能优化必须同时保证结果正确，不能用缩短音频或降低质量换取速度。,20260745,4.805512642022222,2.4851931440643966,4799.578,2474.909,-48.28453633994406,-48.43486239831919,True
baseline_sdaa_to_round8_final,00:020,你好，这是用于太初 SDAA 卡性能测试的第一条固定语音。,20260746,4.856630261056125,2.3897373699583113,4849.505,2382.811,-50.794331841134685,-50.86486146524233,True
baseline_sdaa_to_round8_final,00:021,今天的天气很好，我们正在验证语音合成服务的延迟和音频质量。,20260747,3.784106540028006,2.039903126191348,3777.263,2034.041,-46.09287279273456,-46.15040043544757,True
baseline_sdaa_to_round8_final,00:022,请保持自然、清晰、稳定的语速，完整读出这段性能测试文本。,20260748,4.249227199703455,2.0858796876855195,4241.894,2076.072,-50.911551920991926,-51.05790007953994,True
baseline_sdaa_to_round8_final,00:023,CosyVoice API 正在国产加速卡上运行，本次测试会记录实时率和吞吐量。,20260749,5.142280756961554,2.4502831040881574,5135.806,2441.399,-52.35026596377501,-52.46317715271955,True
baseline_sdaa_to_round8_final,00:024,性能优化必须同时保证结果正确，不能用缩短音频或降低质量换取速度。,20260750,4.800535211805254,2.5064381477423012,4792.591,2497.14,-47.788360314937705,-47.895825034934134,True
baseline_sdaa_to_round8_final,01:000,你好，这是用于太初 SDAA 卡性能测试的第一条固定语音。,20260726,4.1131784790195525,2.4483650573529303,4108.03,2441.185,-40.47510775811166,-40.57528791172411,True
baseline_sdaa_to_round8_final,01:001,今天的天气很好，我们正在验证语音合成服务的延迟和音频质量。,20260727,4.1027030614204705,2.0478022322058678,4097.843,2039.481,-50.08651122080325,-50.230377298495824,True
baseline_sdaa_to_round8_final,01:002,请保持自然、清晰、稳定的语速，完整读出这段性能测试文本。,20260728,4.332122931722552,2.1574377329088748,4325.334,2147.491,-50.199064825452034,-50.3508630778571,True
baseline_sdaa_to_round8_final,01:003,CosyVoice API 正在国产加速卡上运行，本次测试会记录实时率和吞吐量。,20260729,4.231494391802698,2.2438092129305005,4226.135,2235.928,-46.973598327880694,-47.09284014826787,True
baseline_sdaa_to_round8_final,01:004,性能优化必须同时保证结果正确，不能用缩短音频或降低质量换取速度。,20260730,5.419656578917056,2.6060054758563638,5414.006,2596.212,-51.91567144689655,-52.046377488314576,True
baseline_sdaa_to_round8_final,01:005,你好，这是用于太初 SDAA 卡性能测试的第一条固定语音。,20260731,4.391489372123033,2.1866291793994606,4387.326,2178.1,-50.20757209888564,-50.35472631849104,True
baseline_sdaa_to_round8_final,01:006,今天的天气很好，我们正在验证语音合成服务的延迟和音频质量。,20260732,4.177780728787184,2.0626631369814277,4169.523,2056.122,-50.627778936109415,-50.68687713198848,True
baseline_sdaa_to_round8_final,01:007,请保持自然、清晰、稳定的语速，完整读出这段性能测试文本。,20260733,4.373631768859923,2.1563888429664075,4365.944,2148.134,-50.69569280340866,-50.79794885138242,True
baseline_sdaa_to_round8_final,01:008,CosyVoice API 正在国产加速卡上运行，本次测试会记录实时率和吞吐量。,20260734,4.793794316705316,2.38114330265671,4787.465,2371.423,-50.328630196774384,-50.46599818484313,True
baseline_sdaa_to_round8_final,01:009,性能优化必须同时保证结果正确，不能用缩短音频或降低质量换取速度。,20260735,4.7576087871566415,2.4569701720029116,4751.241,2447.629,-48.357036445796,-48.48442754219372,True
baseline_sdaa_to_round8_final,01:010,你好，这是用于太初 SDAA 卡性能测试的第一条固定语音。,20260736,5.224127363879234,2.810536573641002,5217.686,2803.598,-46.2008412529589,-46.267406662647005,True
baseline_sdaa_to_round8_final,01:011,今天的天气很好，我们正在验证语音合成服务的延迟和音频质量。,20260737,4.001360561698675,2.002057014964521,3995.815,1991.368,-49.96559335021289,-50.16365872794412,True
baseline_sdaa_to_round8_final,01:012,请保持自然、清晰、稳定的语速，完整读出这段性能测试文本。,20260738,4.475097730290145,2.2216975148767233,4468.538,2212.228,-50.35421238202369,-50.4932485748135,True
baseline_sdaa_to_round8_final,01:013,CosyVoice API 正在国产加速卡上运行，本次测试会记录实时率和吞吐量。,20260739,4.490517823956907,2.2431267988868058,4484.301,2233.871,-50.04748033913311,-50.184633011923154,True
baseline_sdaa_to_round8_final,01:014,性能优化必须同时保证结果正确，不能用缩短音频或降低质量换取速度。,20260740,5.334282686933875,2.6293739578686655,5327.228,2620.909,-50.70801245106079,-50.80163642329556,True
baseline_sdaa_to_round8_final,01:015,你好，这是用于太初 SDAA 卡性能测试的第一条固定语音。,20260741,4.52484479919076,2.2347318129613996,4517.565,2226.163,-50.61196765553003,-50.7220593394893,True
baseline_sdaa_to_round8_final,01:016,今天的天气很好，我们正在验证语音合成服务的延迟和音频质量。,20260742,3.7904555900022388,2.028395594097674,3782.893,2021.348,-46.486760075812526,-46.56608051033958,True
baseline_sdaa_to_round8_final,01:017,请保持自然、清晰、稳定的语速，完整读出这段性能测试文本。,20260743,4.429333323147148,2.1862800577655435,4423.475,2178.518,-50.64087757089053,-50.75098197683947,True
baseline_sdaa_to_round8_final,01:018,CosyVoice API 正在国产加速卡上运行，本次测试会记录实时率和吞吐量。,20260744,4.701839254237711,2.580146033782512,4695.619,2572.827,-45.12475024625614,-45.207926793038354,True
baseline_sdaa_to_round8_final,01:019,性能优化必须同时保证结果正确，不能用缩短音频或降低质量换取速度。,20260745,4.812719542067498,2.453010927885771,4806.335,2444.433,-49.03066953217928,-49.14143520998848,True
baseline_sdaa_to_round8_final,01:020,你好，这是用于太初 SDAA 卡性能测试的第一条固定语音。,20260746,4.858792641200125,2.3898109826259315,4852.459,2382.094,-50.81471552497357,-50.90954915847821,True
baseline_sdaa_to_round8_final,01:021,今天的天气很好，我们正在验证语音合成服务的延迟和音频质量。,20260747,3.798658650368452,2.029973021708429,3792.768,2022.136,-46.56079399207057,-46.6844267827613,True
baseline_sdaa_to_round8_final,01:022,请保持自然、清晰、稳定的语速，完整读出这段性能测试文本。,20260748,4.203075451776385,2.0743466769345105,4197.588,2066.228,-50.64693221108344,-50.77582649845578,True
baseline_sdaa_to_round8_final,01:023,CosyVoice API 正在国产加速卡上运行，本次测试会记录实时率和吞吐量。,20260749,5.170426178257912,2.4155409880913794,5164.331,2407.424,-53.28158830989721,-53.383623164355654,True
baseline_sdaa_to_round8_final,01:024,性能优化必须同时保证结果正确，不能用缩短音频或降低质量换取速度。,20260750,4.772632396779954,2.541804778855294,4765.369,2531.583,-46.74207926488905,-46.87540461189889,True
baseline_sdaa_to_round8_final,02:000,你好，这是用于太初 SDAA 卡性能测试的第一条固定语音。,20260726,4.144563407171518,2.4387324592098594,4140.088,2432.758,-41.15827845726729,-41.238978495143094,True
baseline_sdaa_to_round8_final,02:001,今天的天气很好，我们正在验证语音合成服务的延迟和音频质量。,20260727,4.0823268089443445,2.0522140469402075,4077.458,2044.794,-49.729305296091844,-49.851255365475254,True
baseline_sdaa_to_round8_final,02:002,请保持自然、清晰、稳定的语速，完整读出这段性能测试文本。,20260728,4.33095463598147,2.1676234384067357,4326.227,2159.749,-49.950446943078774,-50.0777698442546,True
baseline_sdaa_to_round8_final,02:003,CosyVoice API 正在国产加速卡上运行，本次测试会记录实时率和吞吐量。,20260729,4.220566914882511,2.2511610370129347,4212.761,2243.09,-46.66211714177737,-46.7548716862884,True
baseline_sdaa_to_round8_final,02:004,性能优化必须同时保证结果正确，不能用缩短音频或降低质量换取速度。,20260730,5.401889226865023,2.5962453079409897,5396.824,2587.077,-51.938197935841124,-52.06297259276938,True
baseline_sdaa_to_round8_final,02:005,你好，这是用于太初 SDAA 卡性能测试的第一条固定语音。,20260731,4.44680726993829,2.210679371841252,4442.409,2200.746,-50.28614379610992,-50.46052715992606,True
baseline_sdaa_to_round8_final,02:006,今天的天气很好，我们正在验证语音合成服务的延迟和音频质量。,20260732,4.16164098540321,2.059159647207707,4158.032,2050.145,-50.520488085586244,-50.694342900679935,True
baseline_sdaa_to_round8_final,02:007,请保持自然、清晰、稳定的语速，完整读出这段性能测试文本。,20260733,4.359165567904711,2.164117189589888,4354.117,2156.781,-50.35478336671441,-50.46570866148061,True
baseline_sdaa_to_round8_final,02:008,CosyVoice API 正在国产加速卡上运行，本次测试会记录实时率和吞吐量。,20260734,4.795681389048696,2.3199169589206576,4790.488,2311.9,-51.62487307396264,-51.73978099934704,True
baseline_sdaa_to_round8_final,02:009,性能优化必须同时保证结果正确，不能用缩短音频或降低质量换取速度。,20260735,4.7485969718545675,2.453957085032016,4743.127,2443.755,-48.32248136498261,-48.477976659701504,True
baseline_sdaa_to_round8_final,02:010,你好，这是用于太初 SDAA 卡性能测试的第一条固定语音。,20260736,5.232255259063095,2.809461743105203,5227.047,2800.745,-46.3049563906736,-46.41821663359828,True
baseline_sdaa_to_round8_final,02:011,今天的天气很好，我们正在验证语音合成服务的延迟和音频质量。,20260737,3.946300336625427,1.9815975441597402,3941.949,1974.811,-49.78594189173523,-49.9026750472926,True
baseline_sdaa_to_round8_final,02:012,请保持自然、清晰、稳定的语速，完整读出这段性能测试文本。,20260738,4.458297224715352,2.195181948132813,4453.76,2187.598,-50.7618752746354,-50.88199633568043,True
baseline_sdaa_to_round8_final,02:013,CosyVoice API 正在国产加速卡上运行，本次测试会记录实时率和吞吐量。,20260739,4.479526984039694,2.278120785020292,4473.552,2269.963,-49.1437200147,-49.25815101735712,True
baseline_sdaa_to_round8_final,02:014,性能优化必须同时保证结果正确，不能用缩短音频或降低质量换取速度。,20260740,5.309602462220937,2.634905797895044,5301.66,2624.637,-50.374706644367166,-50.49405280610224,True
baseline_sdaa_to_round8_final,02:015,你好，这是用于太初 SDAA 卡性能测试的第一条固定语音。,20260741,4.495219189208001,2.229133491870016,4488.086,2219.842,-50.41101672591053,-50.53922763512107,True
baseline_sdaa_to_round8_final,02:016,今天的天气很好，我们正在验证语音合成服务的延迟和音频质量。,20260742,3.777917511295527,2.006487359292805,3770.718,1998.521,-46.88906379523521,-46.99892699480577,True
baseline_sdaa_to_round8_final,02:017,请保持自然、清晰、稳定的语速，完整读出这段性能测试文本。,20260743,4.439025598112494,2.205704634077847,4433.44,2198.407,-50.31106297256478,-50.413065249557896,True
baseline_sdaa_to_round8_final,02:018,CosyVoice API 正在国产加速卡上运行，本次测试会记录实时率和吞吐量。,20260744,4.677100039087236,2.580806595273316,4671.369,2572.77,-44.820367883835644,-44.9247105077762,True
baseline_sdaa_to_round8_final,02:019,性能优化必须同时保证结果正确，不能用缩短音频或降低质量换取速度。,20260745,4.797081085853279,2.455182753968984,4792.651,2446.321,-48.819235905572164,-48.95682994651603,True
baseline_sdaa_to_round8_final,02:020,你好，这是用于太初 SDAA 卡性能测试的第一条固定语音。,20260746,4.8517896719276905,2.4213989973068237,4846.542,2412.373,-50.09266351101398,-50.22486135475561,True
baseline_sdaa_to_round8_final,02:021,今天的天气很好，我们正在验证语音合成服务的延迟和音频质量。,20260747,3.8198627550154924,2.043611748609692,3814.042,2035.334,-46.50038811142042,-46.6357738063713,True
baseline_sdaa_to_round8_final,02:022,请保持自然、清晰、稳定的语速，完整读出这段性能测试文本。,20260748,4.266144415829331,2.0861888197250664,4261.681,2080.022,-51.09896392666972,-51.19245199253534,True
baseline_sdaa_to_round8_final,02:023,CosyVoice API 正在国产加速卡上运行，本次测试会记录实时率和吞吐量。,20260749,5.123375691007823,2.448835960123688,5118.4,2440.58,-52.20268612310225,-52.31752110034385,True
baseline_sdaa_to_round8_final,02:024,性能优化必须同时保证结果正确，不能用缩短音频或降低质量换取速度。,20260750,4.775162749923766,2.5208962401375175,4769.236,2513.522,-47.208160807131385,-47.29717715793473,True
baseline_sdaa_to_round8_final,03:000,你好，这是用于太初 SDAA 卡性能测试的第一条固定语音。,20260726,4.113641700241715,2.4448640486225486,4108.003,2437.698,-40.56691790928485,-40.65978043346122,True
baseline_sdaa_to_round8_final,03:001,今天的天气很好，我们正在验证语音合成服务的延迟和音频质量。,20260727,4.095440643839538,2.0566156380809844,4090.161,2049.335,-49.7827995340478,-49.895982089702585,True
baseline_sdaa_to_round8_final,03:002,请保持自然、清晰、稳定的语速，完整读出这段性能测试文本。,20260728,4.335969583131373,2.154827679041773,4328.327,2145.083,-50.3034410705993,-50.440828523353254,True
baseline_sdaa_to_round8_final,03:003,CosyVoice API 正在国产加速卡上运行，本次测试会记录实时率和吞吐量。,20260729,4.234452089294791,2.2493227180093527,4227.818,2239.158,-46.880430559223626,-47.037502560422425,True
baseline_sdaa_to_round8_final,03:004,性能优化必须同时保证结果正确，不能用缩短音频或降低质量换取速度。,20260730,5.410543770994991,2.5995910270139575,5401.444,2590.386,-51.95323913744262,-52.04271302266579,True
baseline_sdaa_to_round8_final,03:005,你好，这是用于太初 SDAA 卡性能测试的第一条固定语音。,20260731,4.394872636999935,2.1828304789960384,4387.795,2175.562,-50.332338174739455,-50.41787503746187,True
baseline_sdaa_to_round8_final,03:006,今天的天气很好，我们正在验证语音合成服务的延迟和音频质量。,20260732,4.163255168125033,2.0679901079274714,4152.586,2062.59,-50.32756762639623,-50.329987145359546,True
baseline_sdaa_to_round8_final,03:007,请保持自然、清晰、稳定的语速，完整读出这段性能测试文本。,20260733,4.364657766651362,2.1539244847372174,4358.068,2148.548,-50.65078180482993,-50.69953015877678,True
baseline_sdaa_to_round8_final,03:008,CosyVoice API 正在国产加速卡上运行，本次测试会记录实时率和吞吐量。,20260734,4.785241484642029,2.3440563129261136,4778.649,2337.27,-51.014879385936226,-51.089314155528065,True
baseline_sdaa_to_round8_final,03:009,性能优化必须同时保证结果正确，不能用缩短音频或降低质量换取速度。,20260735,4.753269680310041,2.4801552300341427,4746.786,2469.862,-47.82212252109437,-47.96769856488159,True
baseline_sdaa_to_round8_final,03:010,你好，这是用于太初 SDAA 卡性能测试的第一条固定语音。,20260736,5.200501014012843,2.8269144240766764,5194.571,2816.676,-45.64149845448535,-45.77654247097595,True
baseline_sdaa_to_round8_final,03:011,今天的天气很好，我们正在验证语音合成服务的延迟和音频质量。,20260737,3.933124679606408,1.9940613457001746,3926.857,1982.457,-49.300835642471355,-49.51542671403618,True
baseline_sdaa_to_round8_final,03:012,请保持自然、清晰、稳定的语速，完整读出这段性能测试文本。,20260738,4.446524137631059,2.200938086025417,4439.72,2191.649,-50.5020546858429,-50.63542295460075,True
baseline_sdaa_to_round8_final,03:013,CosyVoice API 正在国产加速卡上运行，本次测试会记录实时率和吞吐量。,20260739,4.467118666041642,2.2582834702916443,4460.457,2248.744,-49.446530546439874,-49.58489679420741,True
baseline_sdaa_to_round8_final,03:014,性能优化必须同时保证结果正确，不能用缩短音频或降低质量换取速度。,20260740,5.300937503110617,2.6503369701094925,5293.027,2639.587,-50.0024860026314,-50.130860847677525,True
baseline_sdaa_to_round8_final,03:015,你好，这是用于太初 SDAA 卡性能测试的第一条固定语音。,20260741,4.497490996029228,2.226135117933154,4490.106,2218.623,-50.50273319282734,-50.58862752906056,True
baseline_sdaa_to_round8_final,03:016,今天的天气很好，我们正在验证语音合成服务的延迟和音频质量。,20260742,3.7784497812390327,2.011849071830511,3772.197,2005.924,-46.75464308617108,-46.823455932974866,True
baseline_sdaa_to_round8_final,03:017,请保持自然、清晰、稳定的语速，完整读出这段性能测试文本。,20260743,4.458578491117805,2.1755132600665092,4451.594,2169.138,-51.206124005656136,-51.272780042384824,True
baseline_sdaa_to_round8_final,03:018,CosyVoice API 正在国产加速卡上运行，本次测试会记录实时率和吞吐量。,20260744,4.731159674935043,2.618685814086348,4720.53,2609.22,-44.650233895935855,-44.7261218549612,True
baseline_sdaa_to_round8_final,03:019,性能优化必须同时保证结果正确，不能用缩短音频或降低质量换取速度。,20260745,4.828466460108757,2.4648000868037343,4819.779,2455.619,-48.95273463806525,-49.05121168418718,True
baseline_sdaa_to_round8_final,03:020,你好，这是用于太初 SDAA 卡性能测试的第一条固定语音。,20260746,4.8830828638747334,2.3843855536542833,4874.223,2376.886,-51.17048757672996,-51.235591806119665,True
baseline_sdaa_to_round8_final,03:021,今天的天气很好，我们正在验证语音合成服务的延迟和音频质量。,20260747,3.824011040851474,2.0280478610657156,3817.945,2020.264,-46.9654287239155,-47.08504182223684,True
baseline_sdaa_to_round8_final,03:022,请保持自然、清晰、稳定的语速，完整读出这段性能测试文本。,20260748,4.212368753738701,2.0770958261564374,4207.266,2069.11,-50.69055090884661,-50.82055662751059,True
baseline_sdaa_to_round8_final,03:023,CosyVoice API 正在国产加速卡上运行，本次测试会记录实时率和吞吐量。,20260749,5.138972410000861,2.4411504310555756,5132.788,2433.115,-52.49730420220009,-52.59662000456672,True
baseline_sdaa_to_round8_final,03:024,性能优化必须同时保证结果正确，不能用缩短音频或降低质量换取速度。,20260750,4.7803432969376445,2.51345814531669,4774.066,2505.435,-47.42096980928447,-47.519891849002505,True
